{"templates":["31c578ab764e8b646ff4078d6ee6f8897aff9c54"],"oligo":{"based_on":"prediction","res_to_mdl":147,"state":"monomer","state_bu":"monomer","qs_prediction":"0.000","qs_conserved":"not conserved","chains_to_mdl":1,"state_tpl":"monomer"},"gdt_ha":null,"pred_lddt":0.8679999709,"gdt_ts":null,"chain_subprj_list":null,"creation_date":"2018-05-18","ligands":[{"description":"GLYCEROL","number":"1","reason":{"sterically_valid":false,"conserved_residues":false,"relevant":true,"bound":true},"included":false,"model_binding_residues":[],"name":["GOL"]},{"description":"GLYCEROL","number":"2","reason":{"sterically_valid":false,"conserved_residues":false,"relevant":true,"bound":true},"included":false,"model_binding_residues":[],"name":["GOL"]},{"description":"GLYCEROL","number":"3","reason":{"sterically_valid":false,"conserved_residues":false,"relevant":true,"bound":true},"included":false,"model_binding_residues":[],"name":["GOL"]}],"modified_template":false,"residue_range":[{"chain_name":"A","residue_from":"1","residue_to":"148"}],"lddt_ca":null,"mod_engine":"PROMOD3","lddt":null}